지점,지점명,일시,기온(°C),강수량(mm),습도(%),이슬점온도(°C),현지기압(hPa),해면기압(hPa)
98,동두천,2024-08-01 09:00,28,,91,26.3,992.1,1005
98,동두천,2024-08-01 10:00,28.3,,91,26.6,992.1,1005
98,동두천,2024-08-01 11:00,28.8,0,89,26.7,992.1,1005
98,동두천,2024-08-01 12:00,29.6,,87,27.1,991.8,1004.6
98,동두천,2024-08-01 13:00,30.4,,84,27.3,991.5,1004.3
98,동두천,2024-08-01 14:00,30.2,,83,26.9,991.2,1004
98,동두천,2024-08-01 15:00,31.2,,83,27.9,990.6,1003.4
98,동두천,2024-08-01 16:00,30.6,,86,27.9,990,1002.8
98,동두천,2024-08-01 17:00,30.7,,84,27.6,990,1002.8
98,동두천,2024-08-01 18:00,30.2,,89,28.1,990.1,1002.9
98,동두천,2024-08-01 19:00,29.4,,90,27.5,990.5,1003.3
98,동두천,2024-08-01 20:00,28.3,,93,27,990.9,1003.8
98,동두천,2024-08-01 21:00,27.6,,94,26.5,991.4,1004.3
98,동두천,2024-08-01 22:00,27.3,,95,26.4,991.7,1004.6
98,동두천,2024-08-01 23:00,27.5,,94,26.4,992.1,1005
98,동두천,2024-08-02 00:00,27.2,,95,26.3,992.1,1005
98,동두천,2024-08-02 01:00,26.8,,96,26.1,991.4,1004.4
98,동두천,2024-08-02 02:00,26.8,,96,26.1,991.1,1004.1
98,동두천,2024-08-02 03:00,26.4,,97,25.8,990.7,1003.7
98,동두천,2024-08-02 04:00,26.7,,97,26.1,991.3,1004.3
98,동두천,2024-08-02 05:00,27.1,,94,26,991.1,1004
98,동두천,2024-08-02 06:00,27.3,,93,26,991,1003.9
98,동두천,2024-08-02 07:00,27.3,,94,26.2,991.3,1004.2
98,동두천,2024-08-02 08:00,27.5,,93,26.2,991.6,1004.5
98,동두천,2024-08-02 09:00,28.3,,91,26.6,991.3,1004.2
98,동두천,2024-08-02 10:00,27.8,,92,26.3,991.4,1004.3
98,동두천,2024-08-02 11:00,28.7,,91,27,991.4,1004.2
98,동두천,2024-08-02 12:00,28.9,,91,27.2,991.3,1004.1
98,동두천,2024-08-02 13:00,29.8,,85,26.9,991,1003.8
98,동두천,2024-08-02 14:00,29.7,,85,26.8,990.9,1003.7
98,동두천,2024-08-02 15:00,30.3,,88,28,990.8,1003.6
98,동두천,2024-08-02 16:00,30.1,,89,28,990.5,1003.3
98,동두천,2024-08-02 17:00,29.8,,85,26.9,990.3,1003.1
98,동두천,2024-08-02 18:00,30.4,,88,28.1,990.3,1003.1
98,동두천,2024-08-02 19:00,29.2,,90,27.3,991,1003.8
98,동두천,2024-08-02 20:00,28.3,,93,27,991.5,1004.4
98,동두천,2024-08-02 21:00,27.8,,95,26.9,992,1004.9
98,동두천,2024-08-02 22:00,27.6,,96,26.8,993,1005.9
98,동두천,2024-08-02 23:00,27.5,,96,26.7,993.3,1006.2
98,동두천,2024-08-03 00:00,27.1,,97,26.5,993.6,1006.6
98,동두천,2024-08-03 01:00,27,,97,26.4,993.5,1006.5
98,동두천,2024-08-03 02:00,26.7,,98,26.3,993.5,1006.5
98,동두천,2024-08-03 03:00,26.7,,97,26.1,993.4,1006.4
98,동두천,2024-08-03 04:00,26.7,,98,26.3,993.5,1006.5
98,동두천,2024-08-03 05:00,26.5,,98,26.1,994,1007
98,동두천,2024-08-03 06:00,26.3,,98,25.9,994.3,1007.3
98,동두천,2024-08-03 07:00,26.3,,98,25.9,994.9,1007.9
98,동두천,2024-08-03 08:00,27,,97,26.4,995.2,1008.2
98,동두천,2024-08-03 09:00,28.2,,93,26.9,995.3,1008.2
105,강릉,2024-08-01 09:00,32.8,,56,22.8,1001.2,1004.2
105,강릉,2024-08-01 10:00,33.4,,53,22.5,1001.1,1004.1
105,강릉,2024-08-01 11:00,34.3,,51,22.7,1001.1,1004.1
105,강릉,2024-08-01 12:00,35,,49,22.6,1000.9,1003.9
105,강릉,2024-08-01 13:00,35.9,,48,23.1,1000.4,1003.4
105,강릉,2024-08-01 14:00,36.4,,47,23.2,999.8,1002.8
105,강릉,2024-08-01 15:00,36.7,,46,23.1,999.2,1002.2
105,강릉,2024-08-01 16:00,36.3,,47,23.1,998.5,1001.5
105,강릉,2024-08-01 17:00,36.2,,49,23.7,998,1001
105,강릉,2024-08-01 18:00,35.6,,51,23.8,998.3,1001.3
105,강릉,2024-08-01 19:00,34.5,,54,23.8,998.8,1001.8
105,강릉,2024-08-01 20:00,33.5,,58,24,999.2,1002.2
105,강릉,2024-08-01 21:00,33.1,,59,24,999.9,1002.9
105,강릉,2024-08-01 22:00,32.5,,62,24.2,999.9,1002.9
105,강릉,2024-08-01 23:00,32,,64,24.3,1000.2,1003.2
105,강릉,2024-08-02 00:00,31.6,,66,24.4,1000.4,1003.4
105,강릉,2024-08-02 01:00,31.6,,66,24.4,999.9,1002.9
105,강릉,2024-08-02 02:00,31.6,,64,23.9,999.5,1002.5
105,강릉,2024-08-02 03:00,31.7,,64,24,999.1,1002.1
105,강릉,2024-08-02 04:00,31.5,,65,24.1,999.4,1002.4
105,강릉,2024-08-02 05:00,31.5,,64,23.8,999.4,1002.4
105,강릉,2024-08-02 06:00,31.5,,65,24.1,999.6,1002.6
105,강릉,2024-08-02 07:00,32.2,,64,24.5,1000,1003
105,강릉,2024-08-02 08:00,32.9,,61,24.3,1000.4,1003.4
105,강릉,2024-08-02 09:00,34.1,,57,24.3,1000.3,1003.3
105,강릉,2024-08-02 10:00,35.1,,54,24.3,1000.3,1003.3
105,강릉,2024-08-02 11:00,35.6,,52,24.2,999.9,1002.9
105,강릉,2024-08-02 12:00,36.5,,50,24.3,999.7,1002.7
105,강릉,2024-08-02 13:00,37,,48,24.1,999.4,1002.4
105,강릉,2024-08-02 14:00,37.2,,48,24.3,999.5,1002.5
105,강릉,2024-08-02 15:00,35.6,,57,25.7,999.4,1002.4
105,강릉,2024-08-02 16:00,33.5,,63,25.4,999.6,1002.6
105,강릉,2024-08-02 17:00,30.2,,76,25.4,1000.1,1003.1
105,강릉,2024-08-02 18:00,30.5,,74,25.3,1000.2,1003.2
105,강릉,2024-08-02 19:00,30.7,,73,25.2,1000.1,1003.1
105,강릉,2024-08-02 20:00,30.8,,74,25.6,1000.2,1003.2
105,강릉,2024-08-02 21:00,31,,72,25.3,1000.7,1003.7
105,강릉,2024-08-02 22:00,32.1,,63,24.1,1000.8,1003.8
105,강릉,2024-08-02 23:00,32.1,,62,23.8,1001,1004
105,강릉,2024-08-03 00:00,31.9,,62,23.7,1001.7,1004.7
105,강릉,2024-08-03 01:00,31.5,,62,23.3,1001.4,1004.4
105,강릉,2024-08-03 02:00,31.3,,62,23.1,1001.5,1004.5
105,강릉,2024-08-03 03:00,30.5,,65,23.1,1001.6,1004.6
105,강릉,2024-08-03 04:00,30,,67,23.1,1001.6,1004.6
105,강릉,2024-08-03 05:00,30.1,,66,23,1002.2,1005.2
105,강릉,2024-08-03 06:00,29.9,,67,23,1002.7,1005.7
105,강릉,2024-08-03 07:00,30.9,,64,23.2,1003.2,1006.2
105,강릉,2024-08-03 08:00,32.1,,60,23.3,1003.5,1006.5
105,강릉,2024-08-03 09:00,33.4,,56,23.4,1003.5,1006.5
108,서울,2024-08-01 09:00,28.9,,80,25,995,1004.5
108,서울,2024-08-01 10:00,29.5,,78,25.2,995,1004.5
108,서울,2024-08-01 11:00,30.4,,74,25.2,995.1,1004.6
108,서울,2024-08-01 12:00,31.1,,71,25.2,994.7,1004.2
108,서울,2024-08-01 13:00,31.3,,71,25.4,994.5,1004
108,서울,2024-08-01 14:00,32.2,,67,25.2,994,1003.5
108,서울,2024-08-01 15:00,32.7,,65,25.2,993.4,1002.8
108,서울,2024-08-01 16:00,33.1,,67,26.1,992.7,1002.1
108,서울,2024-08-01 17:00,32.6,,67,25.6,992.8,1002.2
108,서울,2024-08-01 18:00,32.6,,67,25.6,992.9,1002.3
108,서울,2024-08-01 19:00,31.7,,68,25,993.1,1002.6
108,서울,2024-08-01 20:00,30.4,,75,25.4,993.8,1003.3
108,서울,2024-08-01 21:00,29.6,,78,25.3,994.3,1003.8
108,서울,2024-08-01 22:00,29.2,,80,25.3,994.4,1003.9
108,서울,2024-08-01 23:00,29.1,,79,25,994.9,1004.4
108,서울,2024-08-02 00:00,29,,79,24.9,995,1004.5
108,서울,2024-08-02 01:00,28.8,,80,24.9,994.5,1004
108,서울,2024-08-02 02:00,28.7,,82,25.3,993.9,1003.4
108,서울,2024-08-02 03:00,28.5,,82,25.1,994.2,1003.7
108,서울,2024-08-02 04:00,28.4,,83,25.2,994,1003.5
108,서울,2024-08-02 05:00,28.3,,83,25.1,994.2,1003.8
108,서울,2024-08-02 06:00,28.2,,83,25,994,1003.6
108,서울,2024-08-02 07:00,28.3,,83,25.1,994.3,1003.9
108,서울,2024-08-02 08:00,28.5,,83,25.3,994.5,1004
108,서울,2024-08-02 09:00,28.9,,80,25,994.3,1003.8
108,서울,2024-08-02 10:00,28.9,,80,25,994.5,1004
108,서울,2024-08-02 11:00,29.3,,82,25.8,994.5,1004
108,서울,2024-08-02 12:00,29.8,,78,25.5,994.4,1003.9
108,서울,2024-08-02 13:00,30.8,,76,26,993.8,1003.3
108,서울,2024-08-02 14:00,31.1,,73,25.6,993.7,1003.2
108,서울,2024-08-02 15:00,31.7,,72,26,993.7,1003.2
108,서울,2024-08-02 16:00,32.2,,70,26,993.3,1002.7
108,서울,2024-08-02 17:00,32.4,,68,25.7,993.3,1002.7
108,서울,2024-08-02 18:00,31.7,,73,26.2,993.3,1002.8
108,서울,2024-08-02 19:00,30.9,,77,26.3,994,1003.5
108,서울,2024-08-02 20:00,29.8,,81,26.1,994.7,1004.2
108,서울,2024-08-02 21:00,29.2,,83,26,995.1,1004.6
108,서울,2024-08-02 22:00,29.2,,82,25.8,995.8,1005.3
108,서울,2024-08-02 23:00,29,,82,25.6,996.2,1005.7
108,서울,2024-08-03 00:00,28.9,,84,25.9,996.5,1006
108,서울,2024-08-03 01:00,28.3,,86,25.7,996.3,1005.9
108,서울,2024-08-03 02:00,28,,88,25.8,996.3,1005.9
108,서울,2024-08-03 03:00,27.7,,88,25.5,996.5,1006.1
108,서울,2024-08-03 04:00,27.3,,87,24.9,996.5,1006.1
108,서울,2024-08-03 05:00,27.2,,88,25,997,1006.6
108,서울,2024-08-03 06:00,27.3,,88,25.1,997.4,1007
108,서울,2024-08-03 07:00,27.4,,87,25,997.8,1007.4
108,서울,2024-08-03 08:00,27.9,,85,25.1,998,1007.6
108,서울,2024-08-03 09:00,28.6,,83,25.4,998.1,1007.7
112,인천,2024-08-01 09:00,28.5,,85,25.7,997.3,1005
112,인천,2024-08-01 10:00,29.1,,84,26.1,997.3,1005
112,인천,2024-08-01 11:00,29.4,,83,26.2,997.4,1005.1
112,인천,2024-08-01 12:00,30.1,,80,26.2,997.2,1004.9
112,인천,2024-08-01 13:00,30.4,,80,26.5,997,1004.7
112,인천,2024-08-01 14:00,30.7,,78,26.4,996.7,1004.4
112,인천,2024-08-01 15:00,30.9,,77,26.3,996.2,1003.9
112,인천,2024-08-01 16:00,31.1,,76,26.3,995.4,1003
112,인천,2024-08-01 17:00,30.2,,78,25.9,995.7,1003.4
112,인천,2024-08-01 18:00,29.6,,81,25.9,995.8,1003.5
112,인천,2024-08-01 19:00,29,,83,25.8,995.9,1003.6
112,인천,2024-08-01 20:00,28.2,,86,25.6,996.1,1003.8
112,인천,2024-08-01 21:00,28,,88,25.8,996.6,1004.3
112,인천,2024-08-01 22:00,27.8,,89,25.8,996.9,1004.6
112,인천,2024-08-01 23:00,28,,88,25.8,997.2,1004.9
112,인천,2024-08-02 00:00,28,,88,25.8,997.2,1004.9
112,인천,2024-08-02 01:00,27.8,,90,26,996.6,1004.3
112,인천,2024-08-02 02:00,27.8,,90,26,996.1,1003.8
112,인천,2024-08-02 03:00,27.7,,90,25.9,996.3,1004
112,인천,2024-08-02 04:00,27.7,,90,25.9,996.2,1003.9
112,인천,2024-08-02 05:00,27.5,,91,25.8,996.3,1004
112,인천,2024-08-02 06:00,27.4,,91,25.7,996,1003.7
112,인천,2024-08-02 07:00,27.7,,90,25.9,996.4,1004.1
112,인천,2024-08-02 08:00,28,,89,26,996.5,1004.2
112,인천,2024-08-02 09:00,28.2,,88,26,996.7,1004.4
112,인천,2024-08-02 10:00,28.6,,88,26.4,996.8,1004.5
112,인천,2024-08-02 11:00,29.4,,84,26.4,997.1,1004.8
112,인천,2024-08-02 12:00,29,,86,26.4,996.8,1004.5
112,인천,2024-08-02 13:00,29.4,,84,26.4,996.3,1004
112,인천,2024-08-02 14:00,29.6,,84,26.6,996.6,1004.3
112,인천,2024-08-02 15:00,30,,82,26.5,996.4,1004.1
112,인천,2024-08-02 16:00,30.5,,82,27,996.1,1003.8
112,인천,2024-08-02 17:00,29.9,,84,26.8,996.1,1003.8
112,인천,2024-08-02 18:00,29.4,,86,26.8,996.2,1003.9
112,인천,2024-08-02 19:00,28.6,,88,26.4,996.7,1004.4
112,인천,2024-08-02 20:00,28.3,,90,26.4,997.2,1004.9
112,인천,2024-08-02 21:00,28,,91,26.3,997.6,1005.3
112,인천,2024-08-02 22:00,27.8,,92,26.3,998.3,1006
112,인천,2024-08-02 23:00,27.6,,93,26.3,998.8,1006.5
112,인천,2024-08-03 00:00,27.3,,93,26,999,1006.8
112,인천,2024-08-03 01:00,26.8,,92,25.3,998.7,1006.5
112,인천,2024-08-03 02:00,26.7,,92,25.2,998.7,1006.5
112,인천,2024-08-03 03:00,26.2,,91,24.6,998.9,1006.7
112,인천,2024-08-03 04:00,26,,91,24.4,998.9,1006.7
112,인천,2024-08-03 05:00,26.1,,93,24.8,999.3,1007.1
112,인천,2024-08-03 06:00,26.1,,93,24.8,999.7,1007.5
112,인천,2024-08-03 07:00,26.3,,93,25,1000.3,1008.1
112,인천,2024-08-03 08:00,27,,92,25.5,1000.4,1008.2
112,인천,2024-08-03 09:00,28,,87,25.6,1000.5,1008.2
133,대전,2024-08-01 09:00,28.3,,77,23.8,998.7,1006.3
133,대전,2024-08-01 10:00,29.7,,73,24.3,998.6,1006.1
133,대전,2024-08-01 11:00,30,,68,23.4,998.3,1005.9
133,대전,2024-08-01 12:00,32.1,,67,25.1,998.2,1005.7
133,대전,2024-08-01 13:00,32.1,,62,23.8,997.7,1005.2
133,대전,2024-08-01 14:00,33.1,,61,24.5,997.3,1004.8
133,대전,2024-08-01 15:00,33.2,,58,23.8,996.8,1004.3
133,대전,2024-08-01 16:00,32.7,,62,24.4,996,1003.5
133,대전,2024-08-01 17:00,33.6,,60,24.7,995.5,1002.9
133,대전,2024-08-01 18:00,33.2,,62,24.9,995.9,1003.4
133,대전,2024-08-01 19:00,31.9,,67,25,996.2,1003.7
133,대전,2024-08-01 20:00,31.2,,70,25,996.3,1003.8
133,대전,2024-08-01 21:00,30.1,,77,25.6,996.8,1004.4
133,대전,2024-08-01 22:00,29.1,,83,25.9,997.4,1004.9
133,대전,2024-08-01 23:00,28.9,,82,25.5,997.7,1005.3
133,대전,2024-08-02 00:00,28.6,,83,25.4,998,1005.6
133,대전,2024-08-02 01:00,28.2,,85,25.4,997.8,1005.4
133,대전,2024-08-02 02:00,27.9,,87,25.5,997.1,1004.7
133,대전,2024-08-02 03:00,27.6,,89,25.6,996.8,1004.4
133,대전,2024-08-02 04:00,27.6,,89,25.6,997.2,1004.8
133,대전,2024-08-02 05:00,27.4,,89,25.4,997.3,1004.9
133,대전,2024-08-02 06:00,27.4,,89,25.4,997.2,1004.8
133,대전,2024-08-02 07:00,28.2,,85,25.4,997.4,1005
133,대전,2024-08-02 08:00,29.1,,79,25,997.5,1005
133,대전,2024-08-02 09:00,30.1,,74,24.9,997.4,1005
133,대전,2024-08-02 10:00,30.8,,69,24.4,997.5,1005
133,대전,2024-08-02 11:00,32.1,,62,23.8,998,1005.5
133,대전,2024-08-02 12:00,32.1,,64,24.4,997.3,1004.8
133,대전,2024-08-02 13:00,32.5,,63,24.5,996.9,1004.4
133,대전,2024-08-02 14:00,33.5,,61,24.9,996.6,1004.1
133,대전,2024-08-02 15:00,33.4,,62,25.1,996.5,1004
133,대전,2024-08-02 16:00,33.2,,64,25.4,996.3,1003.8
133,대전,2024-08-02 17:00,33.1,,66,25.8,996.1,1003.6
133,대전,2024-08-02 18:00,32.8,,66,25.6,996,1003.5
133,대전,2024-08-02 19:00,31.9,,70,25.7,996.6,1004.1
133,대전,2024-08-02 20:00,30.8,,75,25.8,997.4,1004.9
133,대전,2024-08-02 21:00,30.4,,78,26.1,998.1,1005.7
133,대전,2024-08-02 22:00,29.6,,82,26.1,998.6,1006.1
133,대전,2024-08-02 23:00,28.9,,84,25.9,998.7,1006.3
133,대전,2024-08-03 00:00,28.4,,86,25.8,999.2,1006.8
133,대전,2024-08-03 01:00,28.4,,85,25.6,999.2,1006.8
133,대전,2024-08-03 02:00,28.1,,86,25.5,999.3,1006.9
133,대전,2024-08-03 03:00,28,,87,25.6,999.4,1007
133,대전,2024-08-03 04:00,27.7,,88,25.5,999.3,1006.9
133,대전,2024-08-03 05:00,27.6,,89,25.6,999.7,1007.3
133,대전,2024-08-03 06:00,27.7,,89,25.7,1000.1,1007.7
133,대전,2024-08-03 07:00,28.3,,86,25.7,1000.4,1008
133,대전,2024-08-03 08:00,29.3,,81,25.6,1000.7,1008.3
133,대전,2024-08-03 09:00,29.6,,83,26.3,1000.8,1008.4
143,대구,2024-08-01 09:00,30.4,,68,23.8,1000,1006.1
143,대구,2024-08-01 10:00,31.8,,63,23.8,999.4,1005.4
143,대구,2024-08-01 11:00,33.4,,53,22.5,999.3,1005.3
143,대구,2024-08-01 12:00,34.1,,50,22.1,998.7,1004.7
143,대구,2024-08-01 13:00,34.3,,51,22.7,998.5,1004.5
143,대구,2024-08-01 14:00,35,,49,22.6,998.1,1004.1
143,대구,2024-08-01 15:00,35.2,,50,23.2,997.5,1003.4
143,대구,2024-08-01 16:00,34.9,,50,22.9,997.2,1003.1
143,대구,2024-08-01 17:00,35,,51,23.3,996.6,1002.5
143,대구,2024-08-01 18:00,35.1,,50,23.1,996.6,1002.5
143,대구,2024-08-01 19:00,34.3,,54,23.6,997.1,1003.1
143,대구,2024-08-01 20:00,32.8,,60,24,997.7,1003.7
143,대구,2024-08-01 21:00,31.5,,66,24.3,998,1004
143,대구,2024-08-01 22:00,30.5,,69,24.1,998.4,1004.4
143,대구,2024-08-01 23:00,29.9,,74,24.7,998.8,1004.9
143,대구,2024-08-02 00:00,29.8,,74,24.6,999.1,1005.1
143,대구,2024-08-02 01:00,29,,79,24.9,999.2,1005.3
143,대구,2024-08-02 02:00,28.5,,81,24.9,998.9,1005
143,대구,2024-08-02 03:00,28.2,,82,24.8,998.7,1004.8
143,대구,2024-08-02 04:00,27.9,,84,24.9,998.4,1004.5
143,대구,2024-08-02 05:00,27.8,,84,24.8,998.9,1005
143,대구,2024-08-02 06:00,27.9,,84,24.9,998.9,1005
143,대구,2024-08-02 07:00,28,,84,25,999.2,1005.3
143,대구,2024-08-02 08:00,29,,79,24.9,999,1005.1
143,대구,2024-08-02 09:00,30.4,,72,24.7,998.9,1004.9
143,대구,2024-08-02 10:00,30.9,,71,25,998.8,1004.8
143,대구,2024-08-02 11:00,32.7,,65,25.2,998.5,1004.5
143,대구,2024-08-02 12:00,33.8,,60,24.9,998.2,1004.2
143,대구,2024-08-02 13:00,35.3,,51,23.6,997.6,1003.5
143,대구,2024-08-02 14:00,36,,50,23.9,997,1002.9
143,대구,2024-08-02 15:00,35.3,,52,23.9,996.8,1002.7
143,대구,2024-08-02 16:00,35.6,,53,24.5,997,1002.9
143,대구,2024-08-02 17:00,34.9,,54,24.2,996.8,1002.7
143,대구,2024-08-02 18:00,35.4,,53,24.3,996.7,1002.6
143,대구,2024-08-02 19:00,34.5,,57,24.7,997.2,1003.1
143,대구,2024-08-02 20:00,33.2,,64,25.4,997.9,1003.9
143,대구,2024-08-02 21:00,32.4,,68,25.7,998.6,1004.6
143,대구,2024-08-02 22:00,31.1,0,78,26.8,999.5,1005.5
143,대구,2024-08-02 23:00,28.4,2.4,88,26.2,1000,1006.1
143,대구,2024-08-03 00:00,28.3,,88,26.1,1000.1,1006.2
143,대구,2024-08-03 01:00,28.1,,92,26.6,999.8,1005.9
143,대구,2024-08-03 02:00,28,,92,26.5,999.9,1006
143,대구,2024-08-03 03:00,28.1,,92,26.6,1000.1,1006.2
143,대구,2024-08-03 04:00,28.2,,91,26.5,1000.1,1006.2
143,대구,2024-08-03 05:00,27.9,,92,26.4,1000.6,1006.7
143,대구,2024-08-03 06:00,27.9,,92,26.4,1001,1007.1
143,대구,2024-08-03 07:00,29.1,,86,26.5,1001.4,1007.5
143,대구,2024-08-03 08:00,30.7,,73,25.2,1001.5,1007.6
143,대구,2024-08-03 09:00,32.1,,66,24.9,1001.5,1007.5
152,울산,2024-08-01 09:00,31.1,,68,24.4,996.4,1005.4
152,울산,2024-08-01 10:00,32.3,,60,23.5,996.2,1005.2
152,울산,2024-08-01 11:00,33.5,,59,24.3,995.6,1004.5
152,울산,2024-08-01 12:00,33.7,,53,22.7,995.2,1004.1
152,울산,2024-08-01 13:00,34.4,,52,23.1,994.7,1003.6
152,울산,2024-08-01 14:00,33.5,,55,23.2,994.6,1003.5
152,울산,2024-08-01 15:00,34.3,,52,23,994.1,1003
152,울산,2024-08-01 16:00,35.2,,50,23.2,993.9,1002.8
152,울산,2024-08-01 17:00,35.4,,48,22.7,993.3,1002.2
152,울산,2024-08-01 18:00,34.4,,54,23.7,993.4,1002.3
152,울산,2024-08-01 19:00,32.2,,62,23.9,993.8,1002.7
152,울산,2024-08-01 20:00,30.7,,69,24.3,994.5,1003.5
152,울산,2024-08-01 21:00,29.9,,71,24,994.9,1003.9
152,울산,2024-08-01 22:00,29.2,,74,24,995.1,1004.1
152,울산,2024-08-01 23:00,28.6,,76,23.9,995.4,1004.4
152,울산,2024-08-02 00:00,28.1,,78,23.8,995.4,1004.5
152,울산,2024-08-02 01:00,28.2,,78,23.9,995.3,1004.4
152,울산,2024-08-02 02:00,27.6,,80,23.8,995.4,1004.5
152,울산,2024-08-02 03:00,27.3,,81,23.7,995.2,1004.3
152,울산,2024-08-02 04:00,27.3,,81,23.7,995.1,1004.2
152,울산,2024-08-02 05:00,26.8,,83,23.6,995,1004.1
152,울산,2024-08-02 06:00,26.9,,82,23.5,995.4,1004.5
152,울산,2024-08-02 07:00,28.1,,81,24.5,995.5,1004.6
152,울산,2024-08-02 08:00,29.9,,70,23.8,995.5,1004.5
152,울산,2024-08-02 09:00,31.4,,66,24.2,995.2,1004.2
152,울산,2024-08-02 10:00,33.1,,61,24.5,994.8,1003.7
152,울산,2024-08-02 11:00,34.3,,55,23.9,994.8,1003.7
152,울산,2024-08-02 12:00,34.7,,55,24.3,994.4,1003.3
152,울산,2024-08-02 13:00,35.8,,54,25,994,1002.8
152,울산,2024-08-02 14:00,35.2,,53,24.1,993.6,1002.5
152,울산,2024-08-02 15:00,34.4,,54,23.7,993.4,1002.3
152,울산,2024-08-02 16:00,33.8,,58,24.3,993.4,1002.3
152,울산,2024-08-02 17:00,33.4,,59,24.2,993.4,1002.3
152,울산,2024-08-02 18:00,33.1,,59,24,993.4,1002.3
152,울산,2024-08-02 19:00,32,,64,24.3,994.1,1003.1
152,울산,2024-08-02 20:00,30.8,,71,24.9,994.6,1003.6
152,울산,2024-08-02 21:00,30.3,,73,24.9,995.3,1004.3
152,울산,2024-08-02 22:00,29.9,,75,24.9,995.8,1004.8
152,울산,2024-08-02 23:00,29.3,,78,25,996.1,1005.1
152,울산,2024-08-03 00:00,29.3,,79,25.2,996.2,1005.2
152,울산,2024-08-03 01:00,29,,80,25.1,996,1005
152,울산,2024-08-03 02:00,28.4,,82,25,995.9,1005
152,울산,2024-08-03 03:00,28.6,,81,25,996.1,1005.1
152,울산,2024-08-03 04:00,28.5,,82,25.1,996.3,1005.4
152,울산,2024-08-03 05:00,28.2,,84,25.2,996.8,1005.9
152,울산,2024-08-03 06:00,28.1,,85,25.3,997.1,1006.2
152,울산,2024-08-03 07:00,29.3,,81,25.6,997.4,1006.4
152,울산,2024-08-03 08:00,31.7,,70,25.5,997.7,1006.7
152,울산,2024-08-03 09:00,32.3,,64,24.6,997.6,1006.6
156,광주,2024-08-01 09:00,29,,77,24.5,998.9,1006.7
156,광주,2024-08-01 10:00,29.5,,77,25,998.7,1006.5
156,광주,2024-08-01 11:00,31.5,,72,25.8,998.2,1006
156,광주,2024-08-01 12:00,30.5,,73,25.1,998.2,1006
156,광주,2024-08-01 13:00,31.9,,68,25.2,997.7,1005.5
156,광주,2024-08-01 14:00,33.4,,63,25.3,997.2,1004.9
156,광주,2024-08-01 15:00,33.7,,59,24.5,996.8,1004.5
156,광주,2024-08-01 16:00,32.7,,62,24.4,996.3,1004.1
156,광주,2024-08-01 17:00,32.3,,68,25.6,995.9,1003.7
156,광주,2024-08-01 18:00,31.7,,71,25.7,996.1,1003.9
156,광주,2024-08-01 19:00,30.7,,74,25.5,996.7,1004.5
156,광주,2024-08-01 20:00,30.1,,76,25.3,996.9,1004.7
156,광주,2024-08-01 21:00,29.4,,79,25.3,997.1,1004.9
156,광주,2024-08-01 22:00,29.2,,79,25.1,997.7,1005.5
156,광주,2024-08-01 23:00,28.6,,81,25,998,1005.8
156,광주,2024-08-02 00:00,28.4,,80,24.6,998.2,1006.1
156,광주,2024-08-02 01:00,28,,82,24.6,998.2,1006.1
156,광주,2024-08-02 02:00,27.6,,83,24.4,997.6,1005.5
156,광주,2024-08-02 03:00,27.2,,84,24.2,997.1,1005
156,광주,2024-08-02 04:00,27.8,,83,24.6,997,1004.9
156,광주,2024-08-02 05:00,27.7,,83,24.5,997.4,1005.3
156,광주,2024-08-02 06:00,27.2,,84,24.2,997.5,1005.4
156,광주,2024-08-02 07:00,27.8,,83,24.6,997.7,1005.6
156,광주,2024-08-02 08:00,28.4,,82,25,997.8,1005.7
156,광주,2024-08-02 09:00,28.9,,80,25,998,1005.8
156,광주,2024-08-02 10:00,30.3,,75,25.3,998.1,1005.9
156,광주,2024-08-02 11:00,31.3,,74,26.1,998.1,1005.9
156,광주,2024-08-02 12:00,31.1,,71,25.2,997.6,1005.4
156,광주,2024-08-02 13:00,31.7,,72,26,997,1004.8
156,광주,2024-08-02 14:00,33.2,0,67,26.2,996.6,1004.3
156,광주,2024-08-02 15:00,33.5,,67,26.5,996.5,1004.2
156,광주,2024-08-02 16:00,34.2,,60,25.3,996.4,1004.1
156,광주,2024-08-02 17:00,33.9,,63,25.8,996.3,1004
156,광주,2024-08-02 18:00,33.3,,65,25.8,996.3,1004
156,광주,2024-08-02 19:00,32.4,,70,26.2,996.9,1004.7
156,광주,2024-08-02 20:00,31.3,,75,26.3,997.7,1005.5
156,광주,2024-08-02 21:00,30.5,,80,26.6,998.5,1006.3
156,광주,2024-08-02 22:00,29.9,,82,26.4,999.2,1007.1
156,광주,2024-08-02 23:00,29.3,,83,26.1,999.3,1007.1
156,광주,2024-08-03 00:00,28.7,,86,26.1,999.2,1007.1
156,광주,2024-08-03 01:00,28.4,,87,26,999.1,1007
156,광주,2024-08-03 02:00,28.2,,87,25.8,999.2,1007.1
156,광주,2024-08-03 03:00,28,,88,25.8,999.5,1007.4
156,광주,2024-08-03 04:00,28,,89,26,999.6,1007.5
156,광주,2024-08-03 05:00,27.5,,90,25.7,1000,1007.9
156,광주,2024-08-03 06:00,27.7,,90,25.9,1000.3,1008.2
156,광주,2024-08-03 07:00,27.7,,89,25.7,1000.3,1008.2
156,광주,2024-08-03 08:00,29,,82,25.6,1000.7,1008.6
156,광주,2024-08-03 09:00,29.6,,78,25.3,1000.8,1008.6
159,부산,2024-08-01 09:00,30.5,,76,25.7,998.1,1005.8
159,부산,2024-08-01 10:00,30.7,,73,25.2,998,1005.7
159,부산,2024-08-01 11:00,31.1,,73,25.6,997.7,1005.4
159,부산,2024-08-01 12:00,31.8,,67,24.9,997.4,1005.1
159,부산,2024-08-01 13:00,31.7,,66,24.5,997.2,1004.9
159,부산,2024-08-01 14:00,31.9,,68,25.2,996.8,1004.5
159,부산,2024-08-01 15:00,32,,68,25.3,996.5,1004.2
159,부산,2024-08-01 16:00,31.7,,67,24.8,996.3,1004
159,부산,2024-08-01 17:00,31.9,,65,24.4,995.8,1003.5
159,부산,2024-08-01 18:00,31,,74,25.8,995.7,1003.4
159,부산,2024-08-01 19:00,29.5,,78,25.2,996,1003.7
159,부산,2024-08-01 20:00,28.5,,82,25.1,996.5,1004.3
159,부산,2024-08-01 21:00,28.9,,80,25,996.8,1004.5
159,부산,2024-08-01 22:00,28.6,,81,25,996.9,1004.7
159,부산,2024-08-01 23:00,28.4,,84,25.4,997,1004.8
159,부산,2024-08-02 00:00,28.2,,85,25.4,996.8,1004.6
159,부산,2024-08-02 01:00,28.1,,86,25.5,996.8,1004.6
159,부산,2024-08-02 02:00,28.1,,85,25.3,996.9,1004.7
159,부산,2024-08-02 03:00,27.9,,85,25.1,996.7,1004.5
159,부산,2024-08-02 04:00,27.7,,86,25.1,996.4,1004.2
159,부산,2024-08-02 05:00,27.4,,88,25.2,996.4,1004.2
159,부산,2024-08-02 06:00,27.5,,86,24.9,996.8,1004.6
159,부산,2024-08-02 07:00,28.1,,83,24.9,996.9,1004.7
159,부산,2024-08-02 08:00,29.8,,75,24.8,997,1004.7
159,부산,2024-08-02 09:00,30.5,,76,25.7,996.9,1004.6
159,부산,2024-08-02 10:00,30.5,,79,26.4,996.8,1004.5
159,부산,2024-08-02 11:00,31.2,,73,25.7,996.8,1004.5
159,부산,2024-08-02 12:00,32.4,,71,26.4,996.5,1004.2
159,부산,2024-08-02 13:00,32.4,,70,26.2,996.2,1003.9
159,부산,2024-08-02 14:00,32.1,,68,25.4,995.9,1003.6
159,부산,2024-08-02 15:00,31.9,,69,25.4,995.8,1003.5
159,부산,2024-08-02 16:00,31.5,,76,26.7,995.9,1003.6
159,부산,2024-08-02 17:00,31.2,,78,26.8,995.6,1003.3
159,부산,2024-08-02 18:00,30.4,,80,26.5,995.7,1003.4
159,부산,2024-08-02 19:00,29.5,,82,26,996.1,1003.8
159,부산,2024-08-02 20:00,28.9,,79,24.8,996.4,1004.1
159,부산,2024-08-02 21:00,29.5,,79,25.4,997,1004.7
159,부산,2024-08-02 22:00,29.3,,79,25.2,997.4,1005.1
159,부산,2024-08-02 23:00,29.1,,80,25.2,997.6,1005.3
159,부산,2024-08-03 00:00,28.8,,83,25.6,997.7,1005.5
159,부산,2024-08-03 01:00,28.7,,83,25.5,997.3,1005.1
159,부산,2024-08-03 02:00,28.7,,86,26.1,997.3,1005.1
159,부산,2024-08-03 03:00,28.3,,86,25.7,997.3,1005.1
159,부산,2024-08-03 04:00,27.6,,88,25.4,997.6,1005.4
159,부산,2024-08-03 05:00,27.5,,89,25.5,998,1005.8
159,부산,2024-08-03 06:00,28,,87,25.6,998.4,1006.2
159,부산,2024-08-03 07:00,28.8,,86,26.2,998.6,1006.4
159,부산,2024-08-03 08:00,30.5,,79,26.4,999,1006.8
159,부산,2024-08-03 09:00,31.2,,76,26.4,998.9,1006.6
172,고창,2024-08-01 09:00,29.8,,77,25.3,1000.2,1006
172,고창,2024-08-01 10:00,30.9,,75,25.9,1000,1005.8
172,고창,2024-08-01 11:00,31.2,,72,25.5,999.8,1005.6
172,고창,2024-08-01 12:00,32.6,,66,25.4,999.5,1005.3
172,고창,2024-08-01 13:00,33.5,,65,26,999.2,1005
172,고창,2024-08-01 14:00,34.1,,67,27,998.8,1004.6
172,고창,2024-08-01 15:00,32.7,,69,26.2,998.4,1004.2
172,고창,2024-08-01 16:00,33.6,,68,26.8,997.7,1003.5
172,고창,2024-08-01 17:00,33.5,,67,26.5,997.5,1003.3
172,고창,2024-08-01 18:00,32.9,,70,26.6,997.4,1003.2
172,고창,2024-08-01 19:00,31.8,,71,25.8,998,1003.8
172,고창,2024-08-01 20:00,30.1,,75,25.1,998.3,1004.1
172,고창,2024-08-01 21:00,28.8,,82,25.4,998.6,1004.4
172,고창,2024-08-01 22:00,28.2,,85,25.4,999.5,1005.4
172,고창,2024-08-01 23:00,27.8,,87,25.4,999.4,1005.3
172,고창,2024-08-02 00:00,28,,86,25.4,999.9,1005.8
172,고창,2024-08-02 01:00,27.5,,89,25.5,999.5,1005.4
172,고창,2024-08-02 02:00,27.3,,91,25.6,998.8,1004.7
172,고창,2024-08-02 03:00,27.3,,90,25.5,998.5,1004.4
172,고창,2024-08-02 04:00,27.1,,91,25.4,998.7,1004.6
172,고창,2024-08-02 05:00,27.3,,90,25.5,998.8,1004.7
172,고창,2024-08-02 06:00,27.1,,90,25.3,999,1004.9
172,고창,2024-08-02 07:00,28.1,,88,25.9,999,1004.9
172,고창,2024-08-02 08:00,29.3,,82,25.8,999.4,1005.2
172,고창,2024-08-02 09:00,30.2,,79,26.1,999.3,1005.1
172,고창,2024-08-02 10:00,31.3,,74,26.1,999.7,1005.5
172,고창,2024-08-02 11:00,31.3,,78,26.9,999.9,1005.7
172,고창,2024-08-02 12:00,32,,74,26.7,999.3,1005.1
172,고창,2024-08-02 13:00,32.2,,74,26.9,998.7,1004.5
172,고창,2024-08-02 14:00,33.7,,69,27.2,998.3,1004.1
172,고창,2024-08-02 15:00,33.8,,69,27.3,998.1,1003.9
172,고창,2024-08-02 16:00,33.4,0,72,27.6,998,1003.8
172,고창,2024-08-02 17:00,32.8,,78,28.4,998,1003.8
172,고창,2024-08-02 18:00,31.8,,80,27.9,998.3,1004.1
172,고창,2024-08-02 19:00,30.3,,83,27,999,1004.8
172,고창,2024-08-02 20:00,29.3,,90,27.4,999.6,1005.4
172,고창,2024-08-02 21:00,28.9,,91,27.2,1000.3,1006.2
172,고창,2024-08-02 22:00,28.7,,92,27.2,1000.9,1006.8
172,고창,2024-08-02 23:00,28.2,,94,27.1,1000.8,1006.7
172,고창,2024-08-03 00:00,27.6,,96,26.8,1001,1006.9
172,고창,2024-08-03 01:00,27.2,,96,26.4,1000.8,1006.7
172,고창,2024-08-03 02:00,26.8,,96,26.1,1001.2,1007.1
172,고창,2024-08-03 03:00,26.8,,97,26.2,1001.3,1007.2
172,고창,2024-08-03 04:00,26.4,,97,25.8,1001.5,1007.4
172,고창,2024-08-03 05:00,26.2,,97,25.6,1001.8,1007.7
172,고창,2024-08-03 06:00,26.2,,97,25.6,1002,1007.9
172,고창,2024-08-03 07:00,26.9,,96,26.2,1002.2,1008.1
172,고창,2024-08-03 08:00,28.7,,88,26.5,1002.5,1008.4
172,고창,2024-08-03 09:00,30,,81,26.3,1002.7,1008.6
184,제주,2024-08-01 09:00,31.9,,62,23.7,1003.8,1006.1
184,제주,2024-08-01 10:00,32.3,,62,24,1003.8,1006.1
184,제주,2024-08-01 11:00,32.8,,59,23.7,1003.4,1005.7
184,제주,2024-08-01 12:00,32.7,,64,24.9,1003.1,1005.4
184,제주,2024-08-01 13:00,32.8,,65,25.3,1003.1,1005.4
184,제주,2024-08-01 14:00,32.8,,66,25.6,1003,1005.3
184,제주,2024-08-01 15:00,33.3,,65,25.8,1002.7,1005
184,제주,2024-08-01 16:00,32.7,,67,25.7,1002.2,1004.5
184,제주,2024-08-01 17:00,32.7,,69,26.2,1001.6,1003.9
184,제주,2024-08-01 18:00,32.1,,69,25.6,1001.4,1003.7
184,제주,2024-08-01 19:00,31,,74,25.8,1001.9,1004.2
184,제주,2024-08-01 20:00,30.4,,79,26.3,1002.1,1004.4
184,제주,2024-08-01 21:00,30,,80,26.1,1002.2,1004.5
184,제주,2024-08-01 22:00,29.7,,83,26.4,1002.8,1005.1
184,제주,2024-08-01 23:00,29.4,,83,26.2,1002.9,1005.2
184,제주,2024-08-02 00:00,29.4,,81,25.7,1003.3,1005.6
184,제주,2024-08-02 01:00,29.3,,80,25.4,1002.8,1005.1
184,제주,2024-08-02 02:00,29.2,,82,25.8,1002.6,1004.9
184,제주,2024-08-02 03:00,28.9,,82,25.5,1002.1,1004.4
184,제주,2024-08-02 04:00,28.6,,82,25.2,1001.9,1004.2
184,제주,2024-08-02 05:00,28.2,,75,23.3,1002.4,1004.7
184,제주,2024-08-02 06:00,28,,76,23.3,1002.8,1005.1
184,제주,2024-08-02 07:00,28.5,,79,24.4,1003,1005.3
184,제주,2024-08-02 08:00,29.8,,77,25.3,1003.2,1005.5
184,제주,2024-08-02 09:00,31.4,,72,25.7,1003.3,1005.6
184,제주,2024-08-02 10:00,32.3,,68,25.6,1003.2,1005.5
184,제주,2024-08-02 11:00,32.6,,69,26.1,1003.5,1005.8
184,제주,2024-08-02 12:00,32.7,,68,26,1003.1,1005.4
184,제주,2024-08-02 13:00,32.8,,68,26.1,1002.8,1005.1
184,제주,2024-08-02 14:00,32.8,,70,26.5,1002.7,1005
184,제주,2024-08-02 15:00,33.5,,68,26.7,1002.7,1005
184,제주,2024-08-02 16:00,34.7,,57,24.9,1002.4,1004.7
184,제주,2024-08-02 17:00,33.2,,60,24.3,1002.3,1004.6
184,제주,2024-08-02 18:00,33.3,,60,24.4,1002.6,1004.9
184,제주,2024-08-02 19:00,31.6,,76,26.8,1003,1005.3
184,제주,2024-08-02 20:00,30.7,,72,25,1003.7,1006
184,제주,2024-08-02 21:00,30.4,,77,25.9,1004.3,1006.6
184,제주,2024-08-02 22:00,29.9,,85,27,1004.8,1007.1
184,제주,2024-08-02 23:00,29.7,,85,26.8,1004.7,1007
184,제주,2024-08-03 00:00,29.6,,83,26.3,1004.3,1006.6
184,제주,2024-08-03 01:00,29.4,,83,26.2,1004.2,1006.5
184,제주,2024-08-03 02:00,29.4,,82,25.9,1004.1,1006.4
184,제주,2024-08-03 03:00,29.2,,76,24.5,1004.5,1006.8
184,제주,2024-08-03 04:00,29.1,,82,25.7,1004.9,1007.2
184,제주,2024-08-03 05:00,29.1,,78,24.8,1004.9,1007.2
184,제주,2024-08-03 06:00,28.9,,83,25.7,1005.5,1007.8
184,제주,2024-08-03 07:00,29.3,,80,25.4,1005.3,1007.6
184,제주,2024-08-03 08:00,30.5,,76,25.7,1005.8,1008.1
184,제주,2024-08-03 09:00,31.7,,74,26.4,1005.8,1008.1
226,보은,2024-08-01 09:00,27.2,,84,24.2,987.3,1006.4
226,보은,2024-08-01 10:00,27.8,,79,23.8,987.2,1006.3
226,보은,2024-08-01 11:00,28.9,,76,24.2,986.9,1005.9
226,보은,2024-08-01 12:00,29.8,,69,23.4,986.8,1005.8
226,보은,2024-08-01 13:00,30.6,,68,24,986.4,1005.3
226,보은,2024-08-01 14:00,30.9,,65,23.5,985.9,1004.8
226,보은,2024-08-01 15:00,31.7,,63,23.7,985.5,1004.3
226,보은,2024-08-01 16:00,31.7,,64,24,984.8,1003.6
226,보은,2024-08-01 17:00,31.3,,64,23.6,984.4,1003.3
226,보은,2024-08-01 18:00,31.7,,66,24.5,984.6,1003.4
226,보은,2024-08-01 19:00,30.1,,76,25.3,984.8,1003.7
226,보은,2024-08-01 20:00,28.1,,87,25.7,985,1004
226,보은,2024-08-01 21:00,27.1,,92,25.6,985.4,1004.5
226,보은,2024-08-01 22:00,26.5,,95,25.6,985.8,1005
226,보은,2024-08-01 23:00,26.2,,95,25.3,986,1005.2
226,보은,2024-08-02 00:00,25.8,,96,25.1,986.4,1005.6
226,보은,2024-08-02 01:00,26.3,,96,25.6,986.2,1005.4
226,보은,2024-08-02 02:00,26.1,.2,97,25.5,985.7,1004.9
226,보은,2024-08-02 03:00,26.1,,96,25.4,985.5,1004.7
226,보은,2024-08-02 04:00,26.1,,97,25.5,985.7,1004.9
226,보은,2024-08-02 05:00,25.9,,97,25.3,985.8,1005
226,보은,2024-08-02 06:00,25.9,,98,25.5,985.8,1005
226,보은,2024-08-02 07:00,26.3,,96,25.6,985.9,1005.1
226,보은,2024-08-02 08:00,28,,86,25.4,986.1,1005.1
226,보은,2024-08-02 09:00,28.6,,81,25,985.9,1004.9
226,보은,2024-08-02 10:00,30.1,,70,24,986.1,1005.1
226,보은,2024-08-02 11:00,30.4,,72,24.7,986,1004.9
226,보은,2024-08-02 12:00,30.7,,68,24.1,985.8,1004.7
226,보은,2024-08-02 13:00,31.1,,66,23.9,985.5,1004.4
226,보은,2024-08-02 14:00,33,,65,25.5,985.1,1003.9
226,보은,2024-08-02 15:00,31.5,,65,24.1,985.2,1004.1
226,보은,2024-08-02 16:00,31.4,,71,25.4,984.9,1003.8
226,보은,2024-08-02 17:00,32.4,,67,25.4,984.7,1003.5
226,보은,2024-08-02 18:00,31.3,,71,25.4,984.5,1003.4
226,보은,2024-08-02 19:00,30.8,,74,25.6,985.1,1004
226,보은,2024-08-02 20:00,28.7,,88,26.5,985.8,1004.8
226,보은,2024-08-02 21:00,27.8,,92,26.3,986.5,1005.6
226,보은,2024-08-02 22:00,27.5,,93,26.2,987,1006.1
226,보은,2024-08-02 23:00,27,,95,26.1,987.2,1006.4
226,보은,2024-08-03 00:00,26.6,,97,26,987.6,1006.8
226,보은,2024-08-03 01:00,26.7,,97,26.1,987.5,1006.7
226,보은,2024-08-03 02:00,26.7,,98,26.3,987.7,1006.9
226,보은,2024-08-03 03:00,26.3,,98,25.9,987.7,1006.9
226,보은,2024-08-03 04:00,26.1,,98,25.7,987.8,1007
226,보은,2024-08-03 05:00,26.1,,98,25.7,988.1,1007.3
226,보은,2024-08-03 06:00,25.8,,99,25.6,988.4,1007.7
226,보은,2024-08-03 07:00,26.8,,97,26.2,988.8,1008
226,보은,2024-08-03 08:00,27.9,,88,25.7,989,1008.1
226,보은,2024-08-03 09:00,28.2,,86,25.6,989.1,1008.2
238,금산,2024-08-01 10:00,29.6,,68,23,986.7,1005.9
238,금산,2024-08-01 11:00,29.4,,69,23.1,986.6,1005.7
238,금산,2024-08-01 12:00,30.7,,65,23.3,986.3,1005.4
238,금산,2024-08-01 13:00,32.6,,56,22.6,986,1004.9
238,금산,2024-08-01 14:00,32.1,,58,22.7,985.6,1004.6
238,금산,2024-08-01 15:00,33.2,,57,23.5,985.1,1004
238,금산,2024-08-01 16:00,32.9,,57,23.2,984.5,1003.4
238,금산,2024-08-01 17:00,32.3,,63,24.3,983.9,1002.8
238,금산,2024-08-01 18:00,32.3,,64,24.6,984.1,1003
238,금산,2024-08-01 19:00,31.1,,70,24.9,984.5,1003.5
238,금산,2024-08-01 20:00,28.9,,83,25.7,984.8,1003.9
238,금산,2024-08-01 21:00,27.8,,86,25.2,985.1,1004.3
238,금산,2024-08-01 22:00,27.2,,89,25.2,985.5,1004.8
238,금산,2024-08-01 23:00,27,,91,25.3,985.9,1005.2
238,금산,2024-08-02 00:00,26.9,,92,25.4,986.2,1005.5
238,금산,2024-08-02 01:00,27,,94,25.9,985.9,1005.2
238,금산,2024-08-02 02:00,26.8,,94,25.7,985.5,1004.8
238,금산,2024-08-02 03:00,27.1,,92,25.6,985.1,1004.4
238,금산,2024-08-02 04:00,26.5,,96,25.8,985.2,1004.5
238,금산,2024-08-02 05:00,26.2,,98,25.8,985.4,1004.7
238,금산,2024-08-02 06:00,26,,98,25.6,985.7,1005.1
238,금산,2024-08-02 07:00,27,,91,25.3,985.5,1004.8
238,금산,2024-08-02 08:00,28.2,,83,25,985.8,1005
238,금산,2024-08-02 09:00,29,,75,24.1,985.5,1004.6
238,금산,2024-08-02 10:00,31.6,,64,23.9,985.7,1004.7
238,금산,2024-08-02 11:00,32.2,,62,23.9,985.9,1004.9
238,금산,2024-08-02 12:00,,,60,,985.4,
238,금산,2024-08-02 13:00,33.2,,59,24,985.1,1004
238,금산,2024-08-02 14:00,33.9,,59,24.7,984.8,1003.6
238,금산,2024-08-02 15:00,34.5,,59,25.3,984.8,1003.6
238,금산,2024-08-02 16:00,32.9,,65,25.4,984.6,1003.5
238,금산,2024-08-02 17:00,32.9,,65,25.4,984.4,1003.3
238,금산,2024-08-02 18:00,32.5,,69,26,984.4,1003.3
238,금산,2024-08-02 19:00,31.4,,75,26.4,984.9,1003.9
238,금산,2024-08-02 20:00,30.3,,81,26.6,985.6,1004.7
238,금산,2024-08-02 21:00,29.6,,85,26.8,986.4,1005.6
238,금산,2024-08-02 22:00,29.1,,88,26.9,986.7,1005.8
238,금산,2024-08-02 23:00,28.8,,87,26.4,987,1006.1
238,금산,2024-08-03 00:00,28.2,,91,26.5,987.2,1006.4
238,금산,2024-08-03 01:00,28.1,,90,26.2,987.2,1006.4
238,금산,2024-08-03 02:00,28,,90,26.1,987.5,1006.7
238,금산,2024-08-03 03:00,27.7,,92,26.2,987.5,1006.7
238,금산,2024-08-03 04:00,27.3,,94,26.2,987.6,1006.9
238,금산,2024-08-03 05:00,27.3,,96,26.5,987.9,1007.2
238,금산,2024-08-03 06:00,26.7,,98,26.3,988.3,1007.7
238,금산,2024-08-03 07:00,27.1,.1,97,26.5,988.5,1007.8
238,금산,2024-08-03 08:00,27.9,0,91,26.2,988.7,1008
238,금산,2024-08-03 09:00,28.5,,87,26.1,989,1008.2
239,세종,2024-08-01 09:00,28.3,,83,25.1,995.9,1005.9
239,세종,2024-08-01 10:00,29.5,,75,24.5,995.7,1005.6
239,세종,2024-08-01 11:00,30.2,,72,24.5,995.5,1005.5
239,세종,2024-08-01 12:00,30.9,,69,24.5,995.3,1005.2
239,세종,2024-08-01 13:00,32,,66,24.8,994.9,1004.8
239,세종,2024-08-01 14:00,32.1,,67,25.1,994.5,1004.4
239,세종,2024-08-01 15:00,32.5,,65,25,994,1003.9
239,세종,2024-08-01 16:00,32.5,,64,24.8,993.2,1003.1
239,세종,2024-08-01 17:00,33.3,,65,25.8,992.7,1002.5
239,세종,2024-08-01 18:00,32.4,,69,25.9,993.1,1003
239,세종,2024-08-01 19:00,30.7,,76,25.9,993.4,1003.3
239,세종,2024-08-01 20:00,29.2,,82,25.8,993.7,1003.6
239,세종,2024-08-01 21:00,28.9,,84,25.9,994.2,1004.2
239,세종,2024-08-01 22:00,28.3,,87,25.9,994.8,1004.8
239,세종,2024-08-01 23:00,27.8,,88,25.6,995.1,1005.1
239,세종,2024-08-02 00:00,27.9,,87,25.5,995.4,1005.4
239,세종,2024-08-02 01:00,27.4,,89,25.4,995.1,1005.1
239,세종,2024-08-02 02:00,27,,90,25.2,994.6,1004.6
239,세종,2024-08-02 03:00,27.1,,89,25.1,994.4,1004.4
239,세종,2024-08-02 04:00,26.9,,91,25.2,994.7,1004.7
239,세종,2024-08-02 05:00,27,,91,25.3,994.8,1004.8
239,세종,2024-08-02 06:00,26.8,,91,25.1,994.6,1004.7
239,세종,2024-08-02 07:00,27.5,,88,25.3,994.8,1004.8
239,세종,2024-08-02 08:00,29,,83,25.8,994.8,1004.8
239,세종,2024-08-02 09:00,29.4,,79,25.3,994.9,1004.8
239,세종,2024-08-02 10:00,31.6,,67,24.7,994.6,1004.5
239,세종,2024-08-02 11:00,30.9,,70,24.7,995.2,1005.1
239,세종,2024-08-02 12:00,31.8,,70,25.6,994.4,1004.3
239,세종,2024-08-02 13:00,32.1,,68,25.4,994,1003.9
239,세종,2024-08-02 14:00,32.8,,67,25.8,993.8,1003.7
239,세종,2024-08-02 15:00,32.5,,69,26,993.6,1003.5
239,세종,2024-08-02 16:00,33.2,,71,27.2,993.5,1003.3
239,세종,2024-08-02 17:00,32.7,,72,26.9,993.3,1003.2
239,세종,2024-08-02 18:00,32.3,,70,26.1,993.3,1003.2
239,세종,2024-08-02 19:00,30.7,,77,26.1,994,1003.9
239,세종,2024-08-02 20:00,29.6,,82,26.1,994.8,1004.7
239,세종,2024-08-02 21:00,29,,84,26,995.6,1005.6
239,세종,2024-08-02 22:00,28.4,,86,25.8,995.9,1005.9
239,세종,2024-08-02 23:00,27.9,,88,25.7,996.2,1006.2
239,세종,2024-08-03 00:00,27.6,,90,25.8,996.7,1006.7
239,세종,2024-08-03 01:00,27.4,,91,25.7,996.6,1006.6
239,세종,2024-08-03 02:00,27.2,,91,25.5,996.8,1006.9
239,세종,2024-08-03 03:00,27.2,,91,25.5,996.8,1006.9
239,세종,2024-08-03 04:00,26.9,,94,25.8,996.8,1006.9
239,세종,2024-08-03 05:00,26.8,,93,25.5,997.1,1007.2
239,세종,2024-08-03 06:00,26.8,,93,25.5,997.5,1007.6
239,세종,2024-08-03 07:00,27.1,,94,26,997.9,1008
239,세종,2024-08-03 08:00,28,,90,26.1,998.1,1008.1
239,세종,2024-08-03 09:00,30,,81,26.3,998.1,1008.1
259,강진군,2024-08-01 09:00,29.6,,85,26.8,1004.3,1006.1
259,강진군,2024-08-01 10:00,30.4,,84,27.3,1004.1,1005.9
259,강진군,2024-08-01 11:00,30.3,,80,26.4,1004,1005.8
259,강진군,2024-08-01 12:00,31.6,,74,26.3,1003.7,1005.5
259,강진군,2024-08-01 13:00,32.5,,74,27.2,1003.4,1005.2
259,강진군,2024-08-01 14:00,32.9,,71,26.9,1003,1004.8
259,강진군,2024-08-01 15:00,33,,70,26.7,1002.8,1004.6
259,강진군,2024-08-01 16:00,32.5,,72,26.7,1002.3,1004.1
259,강진군,2024-08-01 17:00,32.8,,71,26.8,1001.8,1003.6
259,강진군,2024-08-01 18:00,31.7,,74,26.4,1001.9,1003.7
259,강진군,2024-08-01 19:00,30.6,,80,26.7,1002.3,1004.1
259,강진군,2024-08-01 20:00,29.5,,86,26.9,1002.4,1004.2
259,강진군,2024-08-01 21:00,28.8,,89,26.7,1002.7,1004.5
259,강진군,2024-08-01 22:00,27.9,,93,26.6,1003.1,1004.9
259,강진군,2024-08-01 23:00,27.2,,95,26.3,1003.4,1005.2
259,강진군,2024-08-02 00:00,26.7,,96,26,1003.5,1005.3
259,강진군,2024-08-02 01:00,26.7,,97,26.1,1003.3,1005.1
259,강진군,2024-08-02 02:00,26.6,,98,26.2,1003,1004.8
259,강진군,2024-08-02 03:00,26.1,,99,25.9,1002.5,1004.3
259,강진군,2024-08-02 04:00,26.4,,98,26,1002.6,1004.4
259,강진군,2024-08-02 05:00,26.1,,99,25.9,1002.9,1004.7
259,강진군,2024-08-02 06:00,26.2,,99,26,1003,1004.8
259,강진군,2024-08-02 07:00,27.2,,95,26.3,1003,1004.8
259,강진군,2024-08-02 08:00,28.7,,89,26.6,1003.2,1005
259,강진군,2024-08-02 09:00,29.7,,86,27,1003.2,1005
259,강진군,2024-08-02 10:00,30.9,,81,27.2,1003.5,1005.3
259,강진군,2024-08-02 11:00,32,,79,27.8,1003.5,1005.3
259,강진군,2024-08-02 12:00,31.3,,81,27.6,1002.9,1004.7
259,강진군,2024-08-02 13:00,32.3,,78,27.9,1002.5,1004.3
259,강진군,2024-08-02 14:00,33,,77,28.4,1002.1,1003.9
259,강진군,2024-08-02 15:00,32.4,,79,28.2,1001.9,1003.7
259,강진군,2024-08-02 16:00,33.9,,76,29,1001.8,1003.6
259,강진군,2024-08-02 17:00,33.7,,75,28.6,1001.7,1003.5
259,강진군,2024-08-02 18:00,33.7,,72,27.9,1001.9,1003.7
259,강진군,2024-08-02 19:00,32.3,,74,27,1002.5,1004.3
259,강진군,2024-08-02 20:00,30.5,,86,27.8,1003.3,1005.1
259,강진군,2024-08-02 21:00,29.5,,91,27.8,1003.9,1005.7
259,강진군,2024-08-02 22:00,29.1,,92,27.6,1004.8,1006.6
259,강진군,2024-08-02 23:00,28.5,,94,27.4,1004.8,1006.6
259,강진군,2024-08-03 00:00,27.9,,96,27.1,1004.6,1006.4
259,강진군,2024-08-03 01:00,27.6,,97,27,1004.5,1006.3
259,강진군,2024-08-03 02:00,27.3,,98,26.9,1004.5,1006.3
259,강진군,2024-08-03 03:00,26.9,,98,26.5,1004.7,1006.5
259,강진군,2024-08-03 04:00,26.5,,97,25.9,1005,1006.8
259,강진군,2024-08-03 05:00,26.5,,99,26.3,1005.3,1007.1
259,강진군,2024-08-03 06:00,26.3,,99,26.1,1005.6,1007.4
259,강진군,2024-08-03 07:00,27.8,,95,26.9,1005.8,1007.6
259,강진군,2024-08-03 08:00,29.6,,85,26.8,1005.9,1007.7
259,강진군,2024-08-03 09:00,31.3,,79,27.2,1005.9,1007.7
283,경주시,2024-08-01 09:00,32.5,,66,25.3,1001.9,1006.3
283,경주시,2024-08-01 10:00,33.7,,61,25.1,1001.4,1005.8
283,경주시,2024-08-01 11:00,35.1,,54,24.3,1000.9,1005.3
283,경주시,2024-08-01 12:00,35.3,,49,22.9,1000.4,1004.8
283,경주시,2024-08-01 13:00,35.1,,51,23.4,1000.1,1004.5
283,경주시,2024-08-01 14:00,35.6,,53,24.5,999.8,1004.2
283,경주시,2024-08-01 15:00,36.6,,51,24.8,999.4,1003.8
283,경주시,2024-08-01 16:00,36.6,,48,23.8,999.2,1003.6
283,경주시,2024-08-01 17:00,36.8,,48,23.9,998.5,1002.9
283,경주시,2024-08-01 18:00,35.6,,52,24.2,998.6,1003
283,경주시,2024-08-01 19:00,33.9,,62,25.5,998.8,1003.2
283,경주시,2024-08-01 20:00,31.8,,68,25.1,999.5,1003.9
283,경주시,2024-08-01 21:00,30.4,,75,25.4,999.9,1004.4
283,경주시,2024-08-01 22:00,29.7,,77,25.2,1000.3,1004.8
283,경주시,2024-08-01 23:00,29.2,,79,25.1,1000.6,1005.1
283,경주시,2024-08-02 00:00,28.6,,82,25.2,1000.8,1005.3
283,경주시,2024-08-02 01:00,27.8,,86,25.2,1000.7,1005.2
283,경주시,2024-08-02 02:00,27.2,,89,25.2,1000.6,1005.1
283,경주시,2024-08-02 03:00,26.8,,89,24.8,1000.5,1005
283,경주시,2024-08-02 04:00,26.7,,90,24.9,1000.3,1004.8
283,경주시,2024-08-02 05:00,26.3,,90,24.5,1000.3,1004.8
283,경주시,2024-08-02 06:00,26.1,,92,24.6,1000.7,1005.2
283,경주시,2024-08-02 07:00,27.9,,85,25.1,1000.8,1005.3
283,경주시,2024-08-02 08:00,30.8,,74,25.6,1000.7,1005.2
283,경주시,2024-08-02 09:00,32.4,,67,25.4,1000.6,1005
283,경주시,2024-08-02 10:00,34.2,,61,25.5,1000.3,1004.7
283,경주시,2024-08-02 11:00,35.7,,57,25.8,1000,1004.4
283,경주시,2024-08-02 12:00,36.6,,51,24.8,999.5,1003.9
283,경주시,2024-08-02 13:00,37.8,,41,22.2,999.1,1003.5
283,경주시,2024-08-02 14:00,38.2,,42,23,998.7,1003.1
283,경주시,2024-08-02 15:00,38.1,,43,23.3,998.5,1002.9
283,경주시,2024-08-02 16:00,37.9,,43,23.1,998.6,1003
283,경주시,2024-08-02 17:00,37.8,,46,24.1,998.4,1002.8
283,경주시,2024-08-02 18:00,36.3,,52,24.8,998.4,1002.8
283,경주시,2024-08-02 19:00,34.8,,61,26.1,999.1,1003.5
283,경주시,2024-08-02 20:00,32.5,,69,26,999.8,1004.2
283,경주시,2024-08-02 21:00,31.5,,73,26,1000.5,1005
283,경주시,2024-08-02 22:00,30.6,,77,26,1001.1,1005.6
283,경주시,2024-08-02 23:00,30.4,,77,25.9,1001.3,1005.8
283,경주시,2024-08-03 00:00,29.6,,83,26.3,1001.5,1006
283,경주시,2024-08-03 01:00,29.2,,84,26.2,1001.4,1005.9
283,경주시,2024-08-03 02:00,28.7,,87,26.3,1001.4,1005.9
283,경주시,2024-08-03 03:00,28.3,,89,26.3,1001.7,1006.2
283,경주시,2024-08-03 04:00,28,,90,26.1,1002,1006.5
283,경주시,2024-08-03 05:00,27.7,,91,26,1002.2,1006.7
283,경주시,2024-08-03 06:00,27.5,,92,26,1002.7,1007.2
283,경주시,2024-08-03 07:00,29,,88,26.8,1003,1007.5
283,경주시,2024-08-03 08:00,31.3,,73,25.8,1003.2,1007.7
283,경주시,2024-08-03 09:00,32.9,,67,25.9,1003.3,1007.7
294,거제,2024-08-01 09:00,29.5,,75,24.5,1002.3,1007.3
294,거제,2024-08-01 10:00,30.5,,75,25.5,1002.4,1007.4
294,거제,2024-08-01 11:00,31.1,,70,24.9,1001.9,1006.9
294,거제,2024-08-01 12:00,30.1,,72,24.4,1001.8,1006.8
294,거제,2024-08-01 13:00,30.2,,72,24.5,1001.6,1006.6
294,거제,2024-08-01 14:00,31.5,,69,25.1,1001.3,1006.3
294,거제,2024-08-01 15:00,31,,70,24.8,1001,1006
294,거제,2024-08-01 16:00,31.5,,69,25.1,1000.8,1005.8
294,거제,2024-08-01 17:00,30,,75,25,1000.2,1005.2
294,거제,2024-08-01 18:00,29.4,,79,25.3,1000,1005
294,거제,2024-08-01 19:00,28.3,,84,25.3,1000.3,1005.3
294,거제,2024-08-01 20:00,28.2,,85,25.4,1000.6,1005.6
294,거제,2024-08-01 21:00,28.1,,86,25.5,1000.9,1005.9
294,거제,2024-08-01 22:00,28,,86,25.4,1001.1,1006.1
294,거제,2024-08-01 23:00,28,,86,25.4,1001.2,1006.2
294,거제,2024-08-02 00:00,27.9,,86,25.3,1001.4,1006.4
294,거제,2024-08-02 01:00,27.8,,87,25.4,1001.3,1006.3
294,거제,2024-08-02 02:00,27.6,,87,25.2,1001.1,1006.1
294,거제,2024-08-02 03:00,27.3,,88,25.1,1001,1006
294,거제,2024-08-02 04:00,27.4,,87,25,1000.4,1005.4
294,거제,2024-08-02 05:00,26.9,,88,24.7,1000.5,1005.6
294,거제,2024-08-02 06:00,27.4,,87,25,1001,1006
294,거제,2024-08-02 07:00,28,,87,25.6,1001.1,1006.1
294,거제,2024-08-02 08:00,28.7,,83,25.5,1001.3,1006.3
294,거제,2024-08-02 09:00,29.5,,79,25.4,1001.3,1006.3
294,거제,2024-08-02 10:00,30.6,,75,25.6,1001.4,1006.4
294,거제,2024-08-02 11:00,31.9,,66,24.7,1001.1,1006.1
294,거제,2024-08-02 12:00,32.2,,65,24.7,1000.9,1005.9
294,거제,2024-08-02 13:00,32.3,,68,25.6,1000.6,1005.6
294,거제,2024-08-02 14:00,31.9,,68,25.2,1000.1,1005.1
294,거제,2024-08-02 15:00,31.9,,68,25.2,1000,1005
294,거제,2024-08-02 16:00,31,,72,25.3,999.9,1004.9
294,거제,2024-08-02 17:00,30.8,,75,25.8,999.8,1004.8
294,거제,2024-08-02 18:00,30,,77,25.5,999.9,1004.9
294,거제,2024-08-02 19:00,29,,81,25.4,1000.3,1005.3
294,거제,2024-08-02 20:00,28.7,,82,25.3,1000.7,1005.7
294,거제,2024-08-02 21:00,28.5,,83,25.3,1001.4,1006.4
294,거제,2024-08-02 22:00,28.5,,84,25.5,1001.9,1006.9
294,거제,2024-08-02 23:00,28.4,,84,25.4,1002.1,1007.1
294,거제,2024-08-03 00:00,28.7,,83,25.5,1002,1007
294,거제,2024-08-03 01:00,28.3,,86,25.7,1001.6,1006.6
294,거제,2024-08-03 02:00,28.1,,88,25.9,1001.5,1006.5
294,거제,2024-08-03 03:00,27.9,,89,25.9,1001.6,1006.6
294,거제,2024-08-03 04:00,27.1,,92,25.6,1001.9,1007
294,거제,2024-08-03 05:00,27,,94,25.9,1002.4,1007.5
294,거제,2024-08-03 06:00,27,,94,25.9,1002.7,1007.8
294,거제,2024-08-03 07:00,28.2,,90,26.3,1002.8,1007.8
294,거제,2024-08-03 08:00,29.2,,83,26,1003.1,1008.1
294,거제,2024-08-03 09:00,31.2,,75,26.2,1003.3,1008.3
